Player,Pos,GP,PP_TOI,SH_TOI,PP GF/60,PP GA/60,STS/60,PPGF,PPGA,STS,SHP,PP GA ADJ,PP GA/60 ADJ,STSA,STSA/60,PPP,PP TOI%,SH TOI%,ST TOI%
Mitchell Marner,R,300,765.62,254.58,10.27,6.83,3.4399999999999995,131.0,29.0,102.0,4,25.0,5.89,106.0,4.38,93,56.2,17.9,74.1
Brayden Point,C,295,842.43,193.9,10.18,8.97,1.209999999999999,143.0,29.0,114.0,5,24.0,7.43,119.0,2.75,71,55.2,12.2,67.4
Joe Morrow,D,162,71.77,78.17,10.03,8.44,1.5899999999999999,12.0,11.0,1.0,0,11.0,8.44,1.0,1.59,7,9.3,9.0,18.3
Brad Marchand,L,533,1164.63,897.97,9.99,5.81,4.180000000000001,194.0,87.0,107.0,33,54.0,3.61,140.0,6.38,121,45.2,32.0,77.2
Taylor Fedun,D,127,66.15,74.28,9.98,4.85,5.130000000000001,11.0,6.0,5.0,1,5.0,4.04,6.0,5.94,7,11.2,12.0,23.2
Patrice Bergeron,C,510,1443.6,975.13,9.98,5.91,4.07,240.0,96.0,144.0,23,73.0,4.49,167.0,5.49,135,59.2,36.6,95.8
Sidney Crosby,C,514,1897.62,187.4,9.55,6.08,3.4700000000000006,302.0,19.0,283.0,2,17.0,5.44,285.0,4.11,202,71.9,7.2,79.1
Nicklas Backstrom,C,543,1846.1,444.57,9.49,7.02,2.4700000000000006,292.0,52.0,240.0,1,51.0,6.88,241.0,2.61,211,68.0,14.7,82.7
Blake Coleman,C,246,95.47,579.12,9.43,6.94,2.4899999999999993,15.0,67.0,-52.0,12,55.0,5.7,-40.0,3.73,6,7.4,43.8,51.2
Anthony Cirelli,C,168,89.38,439.93,9.4,6.82,2.58,14.0,50.0,-36.0,9,41.0,5.59,-27.0,3.81,6,10.7,47.8,58.5
Connor McDavid,C,351,1141.13,245.72,9.31,7.81,1.5000000000000009,177.0,32.0,145.0,8,24.0,5.86,153.0,3.45,137,69.5,14.3,83.8
Patrick Eaves,R,219,479.73,78.08,9.26,3.07,6.1899999999999995,74.0,4.0,70.0,0,4.0,3.07,70.0,6.19,37,39.1,6.8,45.9
Neal Pionk,D,172,351.87,339.52,9.21,10.07,-0.8599999999999994,54.0,57.0,-3.0,1,56.0,9.9,-2.0,-0.69,43,44.7,42.3,87.0
T.J. Oshie,R,511,1552.4,524.85,9.12,5.94,3.179999999999999,236.0,52.0,184.0,7,45.0,5.14,191.0,3.98,102,59.7,18.4,78.1
Steven Stamkos,C,430,1513.03,219.93,9.04,4.09,4.949999999999999,228.0,15.0,213.0,6,9.0,2.46,219.0,6.58,160,64.6,9.5,74.1
Niklas Hjalmarsson,D,474,53.25,1313.85,9.01,6.8,2.21,8.0,149.0,-141.0,11,138.0,6.3,-130.0,2.71,3,2.1,60.7,62.8
John Tavares,C,523,1698.63,235.23,8.9,9.18,-0.27999999999999936,252.0,36.0,216.0,6,30.0,7.65,222.0,1.25,163,66.1,9.8,75.9
Claude Giroux,C,556,1970.52,546.73,8.89,7.13,1.7600000000000007,292.0,65.0,227.0,6,59.0,6.47,233.0,2.42,211,64.7,18.8,83.5
Troy Brouwer,R,484,967.7,865.38,8.87,6.79,2.079999999999999,143.0,98.0,45.0,6,92.0,6.38,51.0,2.49,61,39.4,33.1,72.5
Chad Ruhwedel,D,163,61.17,163.13,8.83,8.46,0.3699999999999992,9.0,23.0,-14.0,0,23.0,8.46,-14.0,0.37,4,7.5,19.4,26.9
John Klingberg,D,425,1326.05,192.63,8.82,7.16,1.6600000000000001,195.0,23.0,172.0,0,23.0,7.16,172.0,1.66,111,62.5,8.9,71.4
Kris Letang,D,423,1502.73,997.42,8.78,6.56,2.2199999999999998,220.0,109.0,111.0,8,101.0,6.08,119.0,2.7,131,69.0,46.4,115.4
Torey Krug,D,520,1669.27,164.92,8.77,5.46,3.3099999999999996,244.0,15.0,229.0,1,14.0,5.09,230.0,3.68,159,66.3,6.1,72.4
Oscar Klefbom,D,378,862.47,745.08,8.77,7.73,1.0399999999999991,126.0,96.0,30.0,2,94.0,7.57,32.0,1.2,56,48.9,41.1,90.0
Nikita Zaitsev,D,281,191.85,722.77,8.76,7.14,1.62,28.0,86.0,-58.0,1,85.0,7.06,-57.0,1.7,12,14.7,52.7,67.4
Ondrej Palat,L,482,1024.8,644.6,8.67,6.24,2.4299999999999997,148.0,67.0,81.0,11,56.0,5.21,92.0,3.46,69,39.6,24.8,64.4
Joe Pavelski,C,551,1786.68,457.02,8.63,6.7,1.9300000000000006,257.0,51.0,206.0,5,46.0,6.04,211.0,2.59,167,63.0,18.0,81.0
Jamie Benn,L,551,1712.55,582.87,8.62,7.82,0.7999999999999989,246.0,76.0,170.0,16,60.0,6.18,186.0,2.44,145,60.0,20.7,80.7
Ryan O'Reilly,C,539,1600.33,998.83,8.59,7.03,1.5599999999999996,229.0,117.0,112.0,13,104.0,6.25,125.0,2.34,143,59.4,38.0,97.4
Jason Spezza,C,512,1336.2,97.85,8.58,9.81,-1.2300000000000004,191.0,16.0,175.0,1,15.0,9.2,176.0,-0.62,121,52.7,3.7,56.4
Kevin Shattenkirk,D,478,1339.1,375.75,8.56,5.11,3.45,191.0,32.0,159.0,2,30.0,4.79,161.0,3.77,130,56.0,14.1,70.1
Tyler Seguin,C,538,1754.52,258.7,8.55,8.35,0.20000000000000107,250.0,36.0,214.0,2,34.0,7.89,216.0,0.66,174,63.4,9.5,72.9
Victor Hedman,D,504,1474.45,1125.25,8.55,6.45,2.1000000000000005,210.0,121.0,89.0,10,111.0,5.92,99.0,2.63,142,53.8,41.7,95.5
Bryan Rust,R,308,246.53,381.08,8.52,6.14,2.38,35.0,39.0,-4.0,10,29.0,4.57,6.0,3.95,22,16.1,25.1,41.2
Kyle Connor,L,249,750.07,130.77,8.48,8.26,0.22000000000000064,106.0,18.0,88.0,3,15.0,6.88,91.0,1.6,49,59.4,10.7,70.1
Wayne Simmonds,R,542,1755.63,195.05,8.48,6.15,2.33,248.0,20.0,228.0,3,17.0,5.23,231.0,3.25,128,59.2,6.8,66.0
Yanni Gourde,C,254,333.08,357.15,8.47,5.38,3.0900000000000007,47.0,32.0,15.0,8,24.0,4.03,23.0,4.44,28,25.8,25.9,51.7
Ryan Nugent-Hopkins,C,502,1375.85,769.07,8.46,8.27,0.19000000000000128,194.0,106.0,88.0,7,99.0,7.72,95.0,0.74,115,56.3,31.1,87.4
Leon Draisaitl,C,422,1258.7,274.77,8.44,8.3,0.1399999999999988,177.0,38.0,139.0,7,31.0,6.77,146.0,1.67,122,63.6,13.3,76.9
John Carlson,D,523,1683.62,1410.88,8.41,6.51,1.9000000000000004,236.0,153.0,83.0,4,149.0,6.34,87.0,2.07,159,64.1,48.4,112.5
Johan Larsson,C,392,165.25,556.72,8.35,8.62,-0.2699999999999996,23.0,80.0,-57.0,3,77.0,8.3,-54.0,0.05,9,8.2,30.7,38.9
Brayden Schenn,C,548,1639.9,122.03,8.34,3.93,4.41,228.0,8.0,220.0,0,8.0,3.93,220.0,4.41,130,56.5,4.2,60.7
David Backes,R,456,979.28,494.08,8.33,5.95,2.38,136.0,49.0,87.0,1,48.0,5.83,88.0,2.5,66,43.3,20.4,63.7
Marcus Johansson,C,465,1289.63,59.57,8.23,6.04,2.1900000000000004,177.0,6.0,171.0,0,6.0,6.04,171.0,2.19,87,54.9,2.4,57.3
Kimmo Timonen,D,93,270.72,262.67,8.2,4.34,3.8599999999999994,37.0,19.0,18.0,1,18.0,4.11,19.0,4.09,20,50.1,46.1,96.2
Darren Helm,L,448,250.75,805.98,8.14,8.11,0.030000000000001137,34.0,109.0,-75.0,15,94.0,7.0,-60.0,1.14,12,10.7,34.1,44.8
Mark Letestu,C,385,612.55,854.82,8.13,7.23,0.9000000000000004,83.0,103.0,-20.0,13,90.0,6.32,-7.0,1.81,44,31.8,42.0,73.8
Tyler Bozak,C,495,1240.57,330.95,8.13,7.43,0.7000000000000011,168.0,41.0,127.0,4,37.0,6.71,131.0,1.42,79,50.1,13.1,63.2
Nate Schmidt,D,396,325.72,491.53,8.11,7.32,0.7899999999999991,44.0,60.0,-16.0,1,59.0,7.2,-15.0,0.91,26,17.0,24.3,41.3
J.T. Miller,C,478,956.67,178.02,8.09,9.77,-1.6799999999999997,129.0,29.0,100.0,6,23.0,7.75,106.0,0.34,79,40.4,7.4,47.8
Casey Cizikas,C,474,51.92,998.23,8.09,7.15,0.9399999999999995,7.0,119.0,-112.0,16,103.0,6.19,-96.0,1.9,4,2.1,44.6,46.7
Alexander Steen,L,481,1210.25,868.2,8.08,6.29,1.79,163.0,91.0,72.0,7,84.0,5.81,79.0,2.27,98,50.8,34.9,85.7
Logan Couture,C,483,1515.07,650.87,8.08,6.73,1.3499999999999996,204.0,73.0,131.0,14,59.0,5.44,145.0,2.64,115,60.1,29.1,89.2
Jack Eichel,C,354,1213.08,158.12,8.06,4.93,3.130000000000001,163.0,13.0,150.0,3,10.0,3.79,153.0,4.27,118,67.8,9.8,77.6
Brent Burns,D,549,1826.45,940.72,8.05,5.68,2.370000000000001,245.0,89.0,156.0,10,79.0,5.04,166.0,3.01,162,65.0,36.8,101.8
Dave Bolland,C,101,104.4,171.58,8.05,8.39,-0.33999999999999986,14.0,24.0,-10.0,2,22.0,7.69,-8.0,0.36,10,19.9,32.8,52.7
Erik Haula,L,405,358.27,494.27,8.04,4.98,3.0599999999999987,48.0,41.0,7.0,6,35.0,4.25,13.0,3.79,31,17.4,26.0,43.4
Blake Wheeler,R,559,1754.2,668.22,8.0,7.54,0.45999999999999996,234.0,84.0,150.0,19,65.0,5.84,169.0,2.16,164,60.1,22.1,82.2
Patrick Marleau,C,558,1507.65,418.97,7.96,8.88,-0.9200000000000008,200.0,62.0,138.0,3,59.0,8.45,141.0,-0.49,108,54.1,16.2,70.3
Alex Chiasson,R,512,920.05,446.6,7.96,7.79,0.16999999999999993,122.0,58.0,64.0,8,50.0,6.72,72.0,1.24,52,34.8,16.7,51.5
Mike Matheson,D,299,203.65,607.28,7.95,6.52,1.4300000000000006,27.0,66.0,-39.0,4,62.0,6.13,-35.0,1.82,13,12.9,43.8,56.7
Sean Monahan,C,541,1622.73,219.77,7.95,6.55,1.4000000000000004,215.0,24.0,191.0,3,21.0,5.73,194.0,2.22,121,56.9,8.5,65.4
Kyle Palmieri,R,491,1238.88,207.8,7.94,5.77,2.170000000000001,164.0,20.0,144.0,1,19.0,5.49,145.0,2.45,112,48.2,7.8,56.0
Nathan MacKinnon,C,525,1672.25,230.15,7.93,8.6,-0.6699999999999999,221.0,33.0,188.0,4,29.0,7.56,192.0,0.37,154,58.1,8.2,66.3
Paul Stastny,C,478,1146.63,521.6,7.9,6.67,1.2300000000000004,151.0,58.0,93.0,5,53.0,6.1,98.0,1.8,80,50.5,20.9,71.4
J.T. Compher,L,223,533.37,390.43,7.87,7.99,-0.1200000000000001,70.0,52.0,18.0,8,44.0,6.76,26.0,1.11,22,40.9,33.5,74.4
Morgan Rielly,D,517,1052.38,712.93,7.87,8.08,-0.20999999999999996,138.0,96.0,42.0,1,95.0,8.0,43.0,-0.13,87,41.1,27.3,68.4
Nic Dowd,C,251,114.63,315.18,7.85,6.09,1.7599999999999998,15.0,32.0,-17.0,4,28.0,5.33,-13.0,2.52,9,9.1,22.7,31.8
Chris Kunitz,L,441,825.63,160.17,7.85,5.24,2.6099999999999994,108.0,14.0,94.0,2,12.0,4.5,96.0,3.35,50,35.8,7.0,42.8
Jacob Josefson,C,224,214.35,320.17,7.84,8.25,-0.41000000000000014,28.0,44.0,-16.0,5,39.0,7.31,-11.0,0.53,14,19.2,26.7,45.9
Matt Niskanen,D,539,888.05,1267.22,7.84,6.44,1.3999999999999995,116.0,136.0,-20.0,5,131.0,6.2,-15.0,1.64,65,33.0,44.0,77.0
James van Riemsdyk,L,497,1388.2,177.18,7.82,3.39,4.43,181.0,10.0,171.0,5,5.0,1.69,176.0,6.13,104,55.1,7.0,62.1
Travis Zajac,C,520,1105.53,1241.75,7.82,6.28,1.54,144.0,130.0,14.0,14,116.0,5.6,28.0,2.22,70,42.2,44.2,86.4
Tyler Johnson,C,520,1198.12,643.72,7.81,6.52,1.29,156.0,70.0,86.0,9,61.0,5.69,95.0,2.12,85,42.9,22.9,65.8
Leo Komarov,R,415,384.17,847.17,7.81,5.67,2.1399999999999997,50.0,80.0,-30.0,8,72.0,5.1,-22.0,2.71,21,18.9,41.5,60.4
Mikhail Sergachev,D,228,392.12,98.95,7.8,6.67,1.13,51.0,11.0,40.0,1,10.0,6.06,41.0,1.74,35,33.5,8.0,41.5
Keith Yandle,D,563,1992.77,389.1,7.77,7.71,0.05999999999999961,258.0,50.0,208.0,3,47.0,7.25,211.0,0.52,178,69.1,14.1,83.2
David Legwand,C,242,424.87,337.43,7.77,6.4,1.3699999999999992,55.0,36.0,19.0,4,32.0,5.69,23.0,2.08,32,32.4,27.9,60.3
Mark Stone,R,445,1200.4,491.87,7.75,6.47,1.2800000000000002,155.0,53.0,102.0,8,45.0,5.49,110.0,2.26,91,53.1,22.4,75.5
Aleksander Barkov,C,479,1449.33,617.33,7.74,5.73,2.01,187.0,59.0,128.0,9,50.0,4.86,137.0,2.88,111,56.3,26.7,83.0
Mark Scheifele,C,508,1474.05,301.9,7.73,9.74,-2.01,190.0,49.0,141.0,8,41.0,8.15,149.0,-0.42,102,55.1,11.1,66.2
Jared Spurgeon,D,491,1095.03,1095.55,7.73,7.56,0.17000000000000082,141.0,138.0,3.0,5,133.0,7.28,8.0,0.45,68,43.5,47.2,90.7
Niklas Kronwall,D,438,1160.82,790.48,7.7,7.21,0.4900000000000002,149.0,95.0,54.0,1,94.0,7.13,55.0,0.57,91,51.5,34.1,85.6
Taylor Hall,L,456,1359.22,87.75,7.68,4.79,2.8899999999999997,174.0,7.0,167.0,2,5.0,3.42,169.0,4.26,117,57.5,3.6,61.1
Rasmus Ristolainen,D,493,1384.33,1127.85,7.67,8.25,-0.5800000000000001,177.0,155.0,22.0,2,153.0,8.14,24.0,-0.47,104,56.1,48.1,104.2
Vladimir Tarasenko,R,469,1298.78,106.62,7.67,2.25,5.42,166.0,4.0,162.0,0,4.0,2.25,162.0,5.42,112,55.6,4.3,59.9
Sean Walker,D,109,62.6,88.82,7.67,6.08,1.5899999999999999,8.0,9.0,-1.0,0,9.0,6.08,-1.0,1.59,6,12.8,18.1,30.9
Dustin Byfuglien,D,419,1411.22,724.17,7.65,7.46,0.1900000000000004,180.0,90.0,90.0,6,84.0,6.96,96.0,0.69,112,63.5,30.2,93.7
Jaden Schwartz,L,468,1150.25,416.5,7.62,4.75,2.87,146.0,33.0,113.0,6,27.0,3.89,119.0,3.73,76,49.0,17.1,66.1
Josh Jooris,R,213,55.3,274.68,7.59,7.43,0.16000000000000014,7.0,34.0,-27.0,3,31.0,6.77,-24.0,0.82,5,5.0,29.5,34.5
Jonathan Toews,C,535,1636.12,839.9,7.59,8.14,-0.5500000000000007,207.0,114.0,93.0,17,97.0,6.93,110.0,0.66,101,59.0,33.8,92.8
Gabriel Landeskog,L,515,1559.68,403.55,7.54,7.88,-0.33999999999999986,196.0,53.0,143.0,5,48.0,7.14,148.0,0.4,106,56.2,14.9,71.1
Mark Giordano,D,508,1560.6,1385.42,7.54,7.45,0.08999999999999986,196.0,172.0,24.0,19,153.0,6.63,43.0,0.91,109,58.2,55.3,113.5
Teuvo Teravainen,L,428,996.3,257.43,7.53,5.83,1.7000000000000002,125.0,25.0,100.0,10,15.0,3.5,110.0,4.03,90,48.1,13.2,61.3
David Krejci,C,487,1185.85,258.85,7.49,4.4,3.09,148.0,19.0,129.0,4,15.0,3.48,133.0,4.01,102,50.9,10.1,61.0
Jonathan Huberdeau,L,488,1410.6,78.43,7.49,7.65,-0.16000000000000014,176.0,10.0,166.0,1,9.0,6.89,167.0,0.6,119,54.2,3.4,57.6
Jake Guentzel,L,243,497.6,68.43,7.48,4.38,3.1000000000000005,62.0,5.0,57.0,1,4.0,3.51,58.0,3.97,36,42.2,5.8,48.0
David Perron,L,510,1276.95,151.78,7.47,3.56,3.9099999999999997,159.0,9.0,150.0,2,7.0,2.77,152.0,4.7,106,48.8,5.7,54.5
Ryan Johansen,C,553,1584.0,504.92,7.46,6.89,0.5700000000000003,197.0,58.0,139.0,8,50.0,5.94,147.0,1.52,131,54.2,16.7,70.9
Mats Zuccarello,R,509,1315.78,282.85,7.43,6.79,0.6399999999999997,163.0,32.0,131.0,1,31.0,6.58,132.0,0.85,94,52.9,11.3,64.2
Chris Phillips,D,106,105.4,323.87,7.4,6.3,1.1000000000000005,13.0,34.0,-21.0,0,34.0,6.3,-21.0,1.1,9,17.4,49.3,66.7
Sebastian Aho,C,310,830.28,234.83,7.37,5.11,2.26,102.0,20.0,82.0,12,8.0,2.04,94.0,5.33,74,55.0,16.3,71.3
Mark Streit,D,295,864.17,185.27,7.36,6.48,0.8799999999999999,106.0,20.0,86.0,0,20.0,6.48,86.0,0.88,66,51.4,11.1,62.5
Mika Zibanejad,C,497,1345.4,597.42,7.36,7.73,-0.3700000000000001,165.0,77.0,88.0,10,67.0,6.73,98.0,0.63,115,53.2,22.9,76.1
Shane Doan,R,294,742.17,107.88,7.36,8.9,-1.54,91.0,16.0,75.0,0,16.0,8.9,75.0,-1.54,51,47.2,6.5,53.7
Yannick Weber,D,382,294.27,139.83,7.34,8.15,-0.8100000000000005,36.0,19.0,17.0,0,19.0,8.15,17.0,-0.81,18,14.6,6.8,21.4
Zdeno Chara,D,498,514.97,1658.17,7.34,6.73,0.6099999999999994,63.0,186.0,-123.0,9,177.0,6.4,-114.0,0.94,36,21.3,62.8,84.1
Elias Lindholm,C,525,1389.65,603.4,7.34,6.76,0.5800000000000001,170.0,68.0,102.0,10,58.0,5.77,112.0,1.57,103,53.3,26.7,80.0
Alexander Edler,D,442,1147.25,1158.58,7.32,7.51,-0.1899999999999995,140.0,145.0,-5.0,1,144.0,7.46,-4.0,-0.14,78,51.9,50.0,101.9
James Wisniewski,D,145,484.08,272.77,7.31,6.6,0.71,59.0,30.0,29.0,0,30.0,6.6,29.0,0.71,43,60.4,32.8,93.2
Filip Forsberg,L,453,1257.33,395.42,7.3,5.16,2.1399999999999997,153.0,34.0,119.0,7,27.0,4.1,126.0,3.2,100,51.8,16.9,68.7
Matt Grzelcyk,D,197,279.47,120.62,7.3,4.48,2.8199999999999994,34.0,9.0,25.0,1,8.0,3.98,26.0,3.32,15,28.8,12.4,41.2
Tomas Hertl,C,453,961.93,379.95,7.3,6.16,1.1399999999999997,117.0,39.0,78.0,7,32.0,5.05,85.0,2.25,52,40.9,18.1,59.0
Colton Sissons,C,322,263.17,571.52,7.3,7.98,-0.6800000000000006,32.0,76.0,-44.0,6,70.0,7.35,-38.0,-0.05,9,15.4,34.6,50.0
Justin Abdelkader,L,482,888.92,613.83,7.29,5.86,1.4299999999999997,108.0,60.0,48.0,2,58.0,5.67,50.0,1.62,48,35.0,23.9,58.9
Antoine Vermette,C,376,815.77,496.73,7.28,8.58,-1.2999999999999998,99.0,71.0,28.0,5,66.0,7.97,33.0,-0.69,56,41.4,23.1,64.5
Mikko Koivu,C,492,1351.42,755.72,7.28,8.1,-0.8199999999999994,164.0,102.0,62.0,9,93.0,7.38,71.0,-0.1,106,53.8,31.7,85.5
Anze Kopitar,C,551,1607.87,1079.68,7.28,7.34,-0.05999999999999961,195.0,132.0,63.0,9,123.0,6.84,72.0,0.44,151,59.1,37.9,97.0
Andy Greene,D,538,363.1,1916.2,7.27,6.39,0.8799999999999999,44.0,204.0,-160.0,10,194.0,6.07,-150.0,1.2,23,13.1,66.0,79.1
Fedor Tyutin,D,266,140.95,683.48,7.24,7.2,0.040000000000000036,17.0,82.0,-65.0,4,78.0,6.85,-61.0,0.39,10,10.2,44.4,54.6
Max Pacioretty,L,517,1426.4,504.92,7.23,7.01,0.22000000000000064,172.0,59.0,113.0,10,49.0,5.82,123.0,1.41,100,55.4,18.9,74.3
Jordan Greenway,L,154,74.67,61.43,7.23,5.86,1.37,9.0,6.0,3.0,0,6.0,5.86,3.0,1.37,3,9.7,8.2,17.9
Alexander Wennberg,C,415,887.75,469.67,7.23,6.9,0.33000000000000007,107.0,54.0,53.0,4,50.0,6.39,57.0,0.84,55,45.2,23.4,68.6
Jeff Carter,C,476,1259.48,690.37,7.19,7.21,-0.019999999999999574,151.0,83.0,68.0,9,74.0,6.43,77.0,0.76,90,53.0,28.2,81.2
Corey Perry,R,471,1310.67,71.23,7.19,6.74,0.4500000000000002,157.0,8.0,149.0,0,8.0,6.74,149.0,0.45,91,56.6,2.6,59.2
Clarke MacArthur,L,149,400.77,137.57,7.19,7.41,-0.21999999999999975,48.0,17.0,31.0,3,14.0,6.11,34.0,1.08,25,48.3,15.6,63.9
Ryan White,C,224,100.3,193.17,7.18,8.39,-1.2100000000000009,12.0,27.0,-15.0,1,26.0,8.08,-14.0,-0.9,3,8.2,15.7,23.9
Alex Pietrangelo,D,534,1438.02,1453.12,7.18,6.73,0.4499999999999993,172.0,163.0,9.0,5,158.0,6.52,14.0,0.66,104,54.3,52.7,107.0
Tyson Barrie,D,512,1643.8,121.8,7.15,7.39,-0.23999999999999932,196.0,15.0,181.0,2,13.0,6.4,183.0,0.75,124,59.6,4.6,64.2
Justin Schultz,D,434,1174.27,175.42,7.15,4.45,2.7,140.0,13.0,127.0,0,13.0,4.45,127.0,2.7,74,52.3,8.1,60.4
Radim Vrbata,R,345,907.63,63.4,7.14,3.79,3.3499999999999996,108.0,4.0,104.0,0,4.0,3.79,104.0,3.35,72,51.6,3.5,55.1
Mike Green,D,447,1151.97,149.23,7.14,4.82,2.3199999999999994,137.0,12.0,125.0,0,12.0,4.82,125.0,2.32,82,50.6,6.4,57.0
Nick Foligno,L,512,1161.75,457.88,7.13,5.9,1.2299999999999995,138.0,45.0,93.0,1,44.0,5.77,94.0,1.36,78,46.7,18.0,64.7
Mike Fisher,C,292,690.68,488.05,7.12,7.13,-0.009999999999999787,82.0,58.0,24.0,2,56.0,6.88,26.0,0.24,43,45.7,33.5,79.2
Henrik Sedin,C,390,1207.03,191.88,7.11,5.63,1.4800000000000004,143.0,18.0,125.0,1,17.0,5.32,126.0,1.79,95,62.0,9.4,71.4
Reilly Smith,R,537,1157.6,688.72,7.1,6.53,0.5699999999999994,137.0,75.0,62.0,12,63.0,5.49,74.0,1.61,80,43.9,25.1,69.0
Alex Killorn,L,547,1209.45,675.53,7.09,6.31,0.7800000000000002,143.0,71.0,72.0,6,65.0,5.77,78.0,1.32,54,41.0,23.0,64.0
Jason Zucker,L,445,643.95,213.2,7.08,5.35,1.7300000000000004,76.0,19.0,57.0,5,14.0,3.94,62.0,3.14,48,28.4,10.1,38.5
Henri Jokiharju,D,107,50.85,105.92,7.08,10.2,-3.119999999999999,6.0,18.0,-12.0,0,18.0,10.2,-12.0,-3.12,3,9.5,22.4,31.9
Martin Hanzal,C,282,712.72,382.4,7.07,7.22,-0.14999999999999947,84.0,46.0,38.0,2,44.0,6.9,40.0,0.17,43,47.1,24.0,71.1
Pavel Zacha,C,266,432.85,387.5,7.07,4.95,2.12,51.0,32.0,19.0,8,24.0,3.72,27.0,3.35,32,30.6,27.4,58.0
Steven Kampfer,D,150,59.55,133.92,7.05,6.27,0.7800000000000002,7.0,14.0,-7.0,0,14.0,6.27,-7.0,0.78,6,7.6,17.6,25.2
Rickard Rakell,L,443,953.05,93.02,7.05,7.74,-0.6900000000000004,112.0,12.0,100.0,3,9.0,5.81,103.0,1.24,71,46.8,3.8,50.6
Ethan Bear,D,89,85.15,135.8,7.05,5.74,1.3099999999999996,10.0,13.0,-3.0,0,13.0,5.74,-3.0,1.31,4,21.6,31.8,53.4
Ryan Callahan,R,352,630.17,416.63,7.05,7.92,-0.8700000000000001,74.0,55.0,19.0,4,51.0,7.34,23.0,-0.29,35,32.5,22.8,55.3
Jack Johnson,D,529,682.2,1358.4,7.04,7.33,-0.29000000000000004,80.0,166.0,-86.0,4,162.0,7.16,-82.0,-0.12,49,26.5,50.3,76.8
Justin Faulk,D,524,1332.43,779.17,7.02,6.62,0.39999999999999947,156.0,86.0,70.0,4,82.0,6.31,74.0,0.71,90,51.3,34.1,85.4
Loui Eriksson,L,469,890.55,742.75,7.01,5.49,1.5199999999999996,104.0,68.0,36.0,8,60.0,4.85,44.0,2.16,52,38.6,30.7,69.3
Paul Martin,D,286,283.15,626.33,6.99,6.61,0.3799999999999999,33.0,69.0,-36.0,0,69.0,6.61,-36.0,0.38,12,18.7,44.6,63.3
Colton Parayko,D,386,583.47,642.15,6.99,5.14,1.8500000000000005,68.0,55.0,13.0,3,52.0,4.86,16.0,2.13,39,31.3,32.8,64.1
David Schlemko,D,276,360.47,355.83,6.99,8.26,-1.2699999999999996,42.0,49.0,-7.0,0,49.0,8.26,-7.0,-1.27,24,26.4,25.3,51.7
Daniel Sedin,L,400,1247.73,176.67,6.97,5.77,1.2000000000000002,145.0,17.0,128.0,1,16.0,5.43,129.0,1.54,99,62.3,8.5,70.8
Joel Ward,R,373,543.17,554.1,6.96,5.74,1.2199999999999998,63.0,53.0,10.0,6,47.0,5.09,16.0,1.87,36,28.4,29.5,57.9
Frans Nielsen,C,529,1199.05,994.48,6.96,8.39,-1.4300000000000006,139.0,139.0,0.0,16,123.0,7.42,16.0,-0.46,90,44.7,38.5,83.2
Jordan Staal,C,482,966.92,794.25,6.95,7.33,-0.3799999999999999,112.0,97.0,15.0,9,88.0,6.65,24.0,0.3,52,40.5,37.6,78.1
Zach Werenski,D,300,777.73,348.2,6.94,6.2,0.7400000000000002,90.0,36.0,54.0,1,35.0,6.03,55.0,0.91,59,56.8,27.3,84.1
Cam Fowler,D,484,1358.13,992.47,6.94,5.99,0.9500000000000002,157.0,99.0,58.0,8,91.0,5.5,66.0,1.44,80,57.8,36.5,94.3
Sami Vatanen,D,426,1169.12,752.95,6.93,5.82,1.1099999999999994,135.0,73.0,62.0,3,70.0,5.58,65.0,1.35,85,51.8,32.0,83.8
Riley Sheahan,C,511,502.3,797.53,6.93,6.77,0.16000000000000014,58.0,90.0,-32.0,6,84.0,6.32,-26.0,0.61,25,19.2,30.7,49.9
Bo Horvat,C,446,1030.92,548.92,6.93,8.31,-1.3800000000000008,119.0,76.0,43.0,7,69.0,7.54,50.0,-0.61,69,45.5,24.3,69.8
Mikael Granlund,C,513,1247.67,473.87,6.92,7.34,-0.41999999999999993,144.0,58.0,86.0,11,47.0,5.95,97.0,0.97,96,47.9,19.0,66.9
Zach Parise,L,465,1369.27,368.27,6.92,6.52,0.40000000000000036,158.0,40.0,118.0,4,36.0,5.87,122.0,1.05,103,58.0,17.2,75.2
Cam Atkinson,R,509,1240.4,639.13,6.92,5.91,1.0099999999999998,143.0,63.0,80.0,12,51.0,4.79,92.0,2.13,82,49.8,24.8,74.6
Shea Theodore,D,264,694.55,100.82,6.91,7.14,-0.22999999999999954,80.0,12.0,68.0,3,9.0,5.36,71.0,1.55,39,56.4,7.5,63.9
Brent Seabrook,D,515,1128.7,992.52,6.91,7.68,-0.7699999999999996,130.0,127.0,3.0,3,124.0,7.5,6.0,-0.59,82,42.9,42.2,85.1
Darnell Nurse,D,350,286.8,678.98,6.9,7.69,-0.79,33.0,87.0,-54.0,2,85.0,7.51,-52.0,-0.61,15,17.6,39.3,56.9
Roman Josi,D,532,1627.95,1345.25,6.89,6.96,-0.07000000000000028,187.0,156.0,31.0,8,148.0,6.6,39.0,0.29,125,57.8,50.1,107.9
Kevin Hayes,C,450,627.87,581.27,6.88,6.92,-0.040000000000000036,72.0,67.0,5.0,17,50.0,5.16,22.0,1.72,44,28.7,26.6,55.3
Drew Doughty,D,555,1814.17,1440.27,6.88,6.92,-0.040000000000000036,208.0,166.0,42.0,8,158.0,6.58,50.0,0.3,134,66.0,49.7,115.7
Shea Weber,D,462,1360.8,1301.47,6.88,7.47,-0.5899999999999999,156.0,162.0,-6.0,5,157.0,7.24,-1.0,-0.36,108,59.8,57.1,116.9
Ryan Suter,D,552,1823.68,1293.6,6.88,7.33,-0.4500000000000002,209.0,158.0,51.0,9,149.0,6.91,60.0,-0.03,117,65.0,48.6,113.6
Jakob Chychrun,D,234,410.22,185.02,6.87,5.84,1.0300000000000002,47.0,18.0,29.0,0,18.0,5.84,29.0,1.03,22,35.2,16.9,52.1
Andrei Markov,D,306,1056.97,704.55,6.87,6.3,0.5700000000000003,121.0,74.0,47.0,3,71.0,6.05,50.0,0.82,75,66.2,43.3,109.5
Bryan Little,C,439,1048.8,701.22,6.86,7.62,-0.7599999999999998,120.0,89.0,31.0,9,80.0,6.85,40.0,0.01,76,45.2,28.2,73.4
Vladislav Namestnikov,C,425,786.87,291.38,6.86,6.18,0.6800000000000006,90.0,30.0,60.0,12,18.0,3.71,72.0,3.15,35,35.2,12.8,48.0
Viktor Arvidsson,R,335,683.28,302.35,6.85,6.15,0.6999999999999993,78.0,31.0,47.0,13,18.0,3.57,60.0,3.28,30,38.8,17.6,56.4
Sami Salo,D,71,140.17,145.48,6.85,7.01,-0.16000000000000014,16.0,17.0,-1.0,0,17.0,7.01,-1.0,-0.16,6,35.8,36.8,72.6
Lauri Korpikoski,L,273,193.05,480.22,6.84,7.75,-0.9100000000000001,22.0,62.0,-40.0,6,56.0,7.0,-34.0,-0.16,16,13.6,32.6,46.2
Paul Byron,L,414,272.3,693.53,6.83,6.23,0.5999999999999996,31.0,72.0,-41.0,18,54.0,4.67,-23.0,2.16,13,13.2,34.4,47.6
Kyle Turris,C,492,1300.23,326.85,6.83,6.24,0.5899999999999999,148.0,34.0,114.0,5,29.0,5.32,119.0,1.51,92,49.4,12.4,61.8
Sean Couturier,C,524,1178.42,1189.58,6.82,7.57,-0.75,134.0,150.0,-16.0,10,140.0,7.06,-6.0,-0.24,62,41.4,43.6,85.0
Tanner Pearson,L,457,705.45,381.88,6.8,7.23,-0.4300000000000006,80.0,46.0,34.0,5,41.0,6.44,39.0,0.36,34,30.5,15.9,46.4
Derek Stepan,C,527,1305.3,813.33,6.8,7.23,-0.4300000000000006,148.0,98.0,50.0,18,80.0,5.9,68.0,0.9,88,49.8,33.1,82.9
Derick Brassard,C,530,1253.52,56.35,6.8,6.39,0.41000000000000014,142.0,6.0,136.0,0,6.0,6.39,136.0,0.41,86,49.0,2.2,51.2
Rick Nash,L,342,804.0,416.72,6.79,6.62,0.16999999999999993,91.0,46.0,45.0,11,35.0,5.04,56.0,1.75,41,47.5,24.9,72.4
Dougie Hamilton,D,510,1205.48,407.53,6.77,6.48,0.28999999999999915,136.0,44.0,92.0,2,42.0,6.18,94.0,0.59,82,47.0,15.3,62.3
David Savard,D,522,390.03,1145.08,6.77,6.18,0.5899999999999999,44.0,118.0,-74.0,4,114.0,5.97,-70.0,0.8,21,15.3,44.2,59.5
P.K. Subban,D,511,1747.05,956.67,6.77,6.65,0.11999999999999922,197.0,106.0,91.0,3,103.0,6.46,94.0,0.31,125,63.3,34.9,98.2
Adam Henrique,C,548,1268.32,962.65,6.76,6.05,0.71,143.0,97.0,46.0,16,81.0,5.05,62.0,1.71,85,48.9,32.2,81.1
Jordan Eberle,R,529,1348.93,69.35,6.76,5.19,1.5699999999999994,152.0,6.0,146.0,1,5.0,4.33,147.0,2.43,99,51.5,2.7,54.2
Eric Staal,C,550,1458.4,344.7,6.75,5.74,1.0099999999999998,164.0,33.0,131.0,10,23.0,4.0,141.0,2.75,98,52.7,13.6,66.3
Nick Schmaltz,C,249,551.63,118.1,6.74,6.1,0.6400000000000006,62.0,12.0,50.0,2,10.0,5.08,52.0,1.66,36,42.4,10.4,52.8
Marian Hossa,R,291,614.95,433.55,6.73,7.89,-1.1599999999999993,69.0,57.0,12.0,10,47.0,6.5,22.0,0.23,50,41.5,32.8,74.3
Andreas Athanasiou,L,303,481.45,86.8,6.73,10.37,-3.639999999999999,54.0,15.0,39.0,1,14.0,9.68,40.0,-2.95,25,33.2,5.8,39.0
Josh Morrissey,D,288,294.48,495.95,6.72,7.5,-0.7800000000000002,33.0,62.0,-29.0,2,60.0,7.26,-27.0,-0.54,24,19.8,33.9,53.7
Oliver Ekman-Larsson,D,545,2040.05,995.23,6.71,6.93,-0.21999999999999975,228.0,115.0,113.0,5,110.0,6.63,118.0,0.08,129,71.7,35.4,107.1
Justin Williams,R,509,1102.02,176.25,6.7,4.77,1.9300000000000006,123.0,14.0,109.0,1,13.0,4.43,110.0,2.27,68,42.4,6.8,49.2
Ryan McDonagh,D,493,931.92,1385.68,6.7,6.54,0.16000000000000014,104.0,151.0,-47.0,14,137.0,5.93,-33.0,0.77,61,38.2,55.9,94.1
Erik Karlsson,D,503,1963.47,789.25,6.69,7.98,-1.29,219.0,105.0,114.0,4,101.0,7.68,118.0,-0.99,165,76.6,29.9,106.5
Nick Holden,D,489,394.55,931.5,6.69,6.63,0.0600000000000005,44.0,103.0,-59.0,5,98.0,6.31,-54.0,0.38,22,16.0,38.2,54.2
Jay Harrison,D,123,98.65,136.17,6.69,6.61,0.08000000000000007,11.0,15.0,-4.0,0,15.0,6.61,-4.0,0.08,8,14.4,21.9,36.3
Victor Rask,C,405,818.87,86.48,6.67,6.94,-0.27000000000000046,91.0,10.0,81.0,1,9.0,6.24,82.0,0.43,52,40.7,5.1,45.8
Matt Cullen,C,443,262.0,687.45,6.64,7.42,-0.7800000000000002,29.0,85.0,-56.0,12,73.0,6.37,-44.0,0.27,18,11.7,31.1,42.8
Brian Boyle,C,496,542.4,731.82,6.64,7.54,-0.9000000000000004,60.0,92.0,-32.0,9,83.0,6.8,-23.0,-0.16,28,20.5,29.1,49.6
Matt Dumba,D,411,924.0,355.28,6.62,6.42,0.20000000000000018,102.0,38.0,64.0,3,35.0,5.91,67.0,0.71,64,44.8,17.9,62.7
Jake Gardiner,D,532,1178.75,162.52,6.62,5.91,0.71,130.0,16.0,114.0,2,14.0,5.17,116.0,1.45,75,44.1,5.8,49.9
Jori Lehtera,C,307,444.3,210.8,6.62,7.4,-0.7800000000000002,49.0,26.0,23.0,3,23.0,6.55,26.0,0.07,19,28.9,13.1,42.0
Mikkel Boedker,L,453,998.97,111.43,6.61,7.54,-0.9299999999999997,110.0,14.0,96.0,2,12.0,6.46,98.0,0.15,63,41.9,5.0,46.9
Mattias Janmark,C,297,236.45,366.77,6.6,7.2,-0.6000000000000005,26.0,44.0,-18.0,6,38.0,6.22,-12.0,0.38,12,16.8,23.9,40.7
Riley Nash,C,504,281.98,618.98,6.6,6.59,0.009999999999999787,31.0,68.0,-37.0,5,63.0,6.11,-32.0,0.49,18,11.2,26.9,38.1
Nick Leddy,D,544,1393.12,292.95,6.59,7.17,-0.5800000000000001,153.0,35.0,118.0,1,34.0,6.96,119.0,-0.37,84,52.7,11.8,64.5
Dustin Brown,R,542,1066.43,693.95,6.58,6.31,0.27000000000000046,117.0,73.0,44.0,5,68.0,5.88,49.0,0.7,51,39.9,24.6,64.5
Aaron Ekblad,D,458,1048.58,656.35,6.58,7.77,-1.1899999999999995,115.0,85.0,30.0,2,83.0,7.59,32.0,-1.01,57,43.1,29.5,72.6
Carl Soderberg,C,546,998.62,677.47,6.55,6.02,0.5300000000000002,109.0,68.0,41.0,6,62.0,5.49,47.0,1.06,66,35.2,23.5,58.7
Patrik Elias,C,150,357.47,258.05,6.55,6.05,0.5,39.0,26.0,13.0,8,18.0,4.19,21.0,2.36,28,50.0,31.5,81.5
Alec Martinez,D,465,853.95,857.37,6.53,5.88,0.6500000000000004,93.0,84.0,9.0,3,81.0,5.67,12.0,0.86,57,37.5,36.0,73.5
Ryan Getzlaf,C,497,1470.17,682.53,6.53,6.59,-0.05999999999999961,160.0,75.0,85.0,8,67.0,5.89,93.0,0.64,111,61.2,24.6,85.8
Duncan Keith,D,531,1425.97,1283.0,6.52,7.44,-0.9200000000000008,155.0,159.0,-4.0,4,155.0,7.25,0.0,-0.73,94,52.2,52.6,104.8
Michael Stone,D,419,533.95,782.87,6.52,7.97,-1.4500000000000002,58.0,104.0,-46.0,1,103.0,7.89,-45.0,-1.37,31,23.9,34.5,58.4
Kris Russell,D,482,543.4,866.82,6.51,7.48,-0.9700000000000006,59.0,108.0,-49.0,3,105.0,7.27,-46.0,-0.76,33,23.2,39.4,62.6
Andrew MacDonald,D,354,359.3,754.85,6.51,7.79,-1.2800000000000002,39.0,98.0,-59.0,5,93.0,7.39,-54.0,-0.88,18,18.4,43.7,62.1
Tyler Toffoli,R,515,996.18,458.7,6.5,7.19,-0.6900000000000004,108.0,55.0,53.0,8,47.0,6.15,61.0,0.35,54,39.9,17.4,57.3
Timo Meier,R,263,397.42,120.7,6.49,4.97,1.5200000000000005,43.0,10.0,33.0,1,9.0,4.47,34.0,2.02,23,31.3,9.5,40.8
Cody Franson,D,307,702.47,358.18,6.49,6.7,-0.20999999999999996,76.0,40.0,36.0,0,40.0,6.7,36.0,-0.21,48,42.8,23.6,66.4
Alexander Burmistrov,C,154,148.08,223.02,6.48,7.26,-0.7799999999999994,16.0,27.0,-11.0,2,25.0,6.73,-9.0,-0.25,8,18.1,26.2,44.3
Ryan Kesler,C,423,1038.75,1022.2,6.47,6.98,-0.5100000000000007,112.0,119.0,-7.0,5,114.0,6.69,-2.0,-0.22,67,50.1,42.7,92.8
Vincent Trocheck,C,427,1067.33,538.68,6.46,7.13,-0.6699999999999999,115.0,64.0,51.0,9,55.0,6.13,60.0,0.33,74,46.6,25.5,72.1
Gustav Forsling,D,122,92.83,152.9,6.46,8.63,-2.170000000000001,10.0,22.0,-12.0,1,21.0,8.24,-11.0,-1.78,5,14.3,25.7,40.0
Maxime Lajoie,D,62,92.85,103.6,6.46,8.11,-1.6499999999999995,10.0,14.0,-4.0,0,14.0,8.11,-4.0,-1.65,8,31.0,34.8,65.8
Logan Shaw,R,215,65.03,231.37,6.46,5.96,0.5,7.0,23.0,-16.0,3,20.0,5.19,-13.0,1.27,2,6.0,20.0,26.0
Artem Anisimov,C,473,957.35,636.78,6.46,8.2,-1.7399999999999993,103.0,87.0,16.0,11,76.0,7.16,27.0,-0.7,50,39.7,27.4,67.1
Tomas Plekanec,C,403,643.4,839.42,6.43,7.0,-0.5700000000000003,69.0,98.0,-29.0,9,89.0,6.36,-20.0,0.07,46,31.1,39.5,70.6
Andrej Sekera,D,425,747.75,814.65,6.42,6.92,-0.5,80.0,94.0,-14.0,5,89.0,6.55,-9.0,-0.13,49,36.0,39.6,75.6
William Karlsson,C,410,599.1,687.3,6.41,6.46,-0.04999999999999982,64.0,74.0,-10.0,15,59.0,5.15,5.0,1.26,40,30.8,33.3,64.1
Olli Maatta,D,427,346.45,742.43,6.41,6.06,0.35000000000000053,37.0,75.0,-38.0,4,71.0,5.74,-34.0,0.67,21,15.7,34.7,50.4
Dan Girardi,D,439,263.07,1130.3,6.39,6.69,-0.3000000000000007,28.0,126.0,-98.0,8,118.0,6.26,-90.0,0.13,7,12.0,51.6,63.6
Boyd Gordon,C,220,75.17,572.13,6.39,7.97,-1.58,8.0,76.0,-68.0,5,71.0,7.45,-63.0,-1.06,5,6.2,47.5,53.7
Barclay Goodrow,C,276,75.23,370.42,6.38,5.99,0.3899999999999997,8.0,37.0,-29.0,5,32.0,5.18,-24.0,1.2,2,5.8,28.3,34.1
Johnny Boychuk,D,479,489.97,1061.85,6.37,7.29,-0.9199999999999999,52.0,129.0,-77.0,7,122.0,6.89,-70.0,-0.52,30,21.4,47.8,69.2
Calle Jarnkrok,C,459,386.85,809.75,6.36,6.22,0.14000000000000057,41.0,84.0,-43.0,10,74.0,5.48,-33.0,0.88,24,16.0,35.0,51.0
Jonas Brodin,D,510,396.92,1074.07,6.35,6.48,-0.13000000000000078,42.0,116.0,-74.0,4,112.0,6.26,-70.0,0.09,21,15.3,43.6,58.9
Andrew Shaw,R,445,1021.88,93.32,6.34,9.64,-3.3000000000000007,108.0,15.0,93.0,0,15.0,9.64,93.0,-3.3,45,46.1,4.4,50.5
Joel Armia,R,295,407.3,393.63,6.33,7.32,-0.9900000000000002,43.0,48.0,-5.0,13,35.0,5.33,8.0,1.0,16,27.8,25.3,53.1
Adam Lowry,C,408,255.75,766.53,6.33,6.73,-0.40000000000000036,27.0,86.0,-59.0,7,79.0,6.18,-52.0,0.15,14,11.7,34.6,46.3
Jacob Trouba,D,478,834.17,1323.93,6.33,7.52,-1.1899999999999995,88.0,166.0,-78.0,10,156.0,7.07,-68.0,-0.74,46,33.1,49.6,82.7
Damon Severson,D,430,874.12,420.98,6.31,7.41,-1.1000000000000005,92.0,52.0,40.0,1,51.0,7.27,41.0,-0.96,51,39.5,18.1,57.6
Milan Michalek,L,198,447.58,308.38,6.3,6.42,-0.1200000000000001,47.0,33.0,14.0,1,32.0,6.23,15.0,0.07,24,41.1,26.9,68.0
Brady Skjei,D,314,238.12,510.77,6.3,6.58,-0.28000000000000025,25.0,56.0,-31.0,4,52.0,6.11,-27.0,0.19,13,15.5,31.2,46.7
Matt Beleskey,L,268,352.58,78.15,6.3,4.61,1.6899999999999995,37.0,6.0,31.0,1,5.0,3.84,32.0,2.46,17,25.7,5.2,30.9
Dennis Wideman,D,234,601.27,372.43,6.29,6.61,-0.3200000000000003,63.0,41.0,22.0,1,40.0,6.44,23.0,-0.15,38,47.1,35.0,82.1
Josh Bailey,R,536,1155.17,244.67,6.28,6.87,-0.5899999999999999,121.0,28.0,93.0,2,26.0,6.38,95.0,-0.1,85,44.1,9.9,54.0
Vernon Fiddler,C,297,86.05,604.97,6.28,7.64,-1.3599999999999994,9.0,77.0,-68.0,9,68.0,6.74,-59.0,-0.46,6,5.2,40.3,45.5
Jamie McBain,D,142,278.07,75.15,6.26,7.98,-1.7200000000000006,29.0,10.0,19.0,1,9.0,7.19,20.0,-0.93,14,38.9,9.6,48.5
Ryan Strome,C,491,1016.7,364.8,6.26,7.07,-0.8100000000000005,106.0,43.0,63.0,3,40.0,6.58,66.0,-0.32,57,43.0,14.9,57.9
Jeff Petry,D,524,1007.27,1156.73,6.25,6.74,-0.4900000000000002,105.0,130.0,-25.0,6,124.0,6.43,-19.0,-0.18,64,38.4,43.2,81.6
Dan Boyle,D,214,605.42,126.1,6.24,4.28,1.96,63.0,9.0,54.0,0,9.0,4.28,54.0,1.96,36,56.7,12.7,69.4
Lucas Wallmark,C,167,173.07,147.27,6.24,5.7,0.54,18.0,14.0,4.0,1,13.0,5.3,5.0,0.94,13,21.4,17.8,39.2
Brooks Laich,C,210,115.4,467.37,6.24,5.78,0.45999999999999996,12.0,45.0,-33.0,4,41.0,5.26,-29.0,0.98,4,10.6,39.2,49.8
Colin Miller,D,301,577.32,151.8,6.24,5.93,0.3100000000000005,60.0,15.0,45.0,1,14.0,5.53,46.0,0.71,40,38.7,10.0,48.7
Evander Kane,L,452,1030.38,561.48,6.23,4.49,1.7400000000000002,107.0,42.0,65.0,14,28.0,2.99,79.0,3.24,63,45.7,24.3,70.0
Chris Tierney,C,436,356.4,699.33,6.23,6.78,-0.5499999999999998,37.0,79.0,-42.0,12,67.0,5.75,-30.0,0.48,25,16.1,34.9,51.0
Ryan Smyth,L,72,183.63,121.95,6.21,2.95,3.26,19.0,6.0,13.0,0,6.0,2.95,13.0,3.26,7,44.9,28.9,73.8
Jussi Jokinen,L,372,793.77,464.17,6.2,6.33,-0.1299999999999999,82.0,49.0,33.0,3,46.0,5.95,36.0,0.25,57,41.2,24.4,65.6
Ryan Pulock,D,234,406.58,258.87,6.2,7.65,-1.4500000000000002,42.0,33.0,9.0,0,33.0,7.65,9.0,-1.45,28,38.1,25.3,63.4
Hampus Lindholm,D,502,890.87,1062.02,6.2,6.33,-0.1299999999999999,92.0,112.0,-20.0,4,108.0,6.1,-16.0,0.1,52,36.6,38.0,74.6
Tom Wilson,R,522,242.8,714.18,6.18,6.38,-0.20000000000000018,25.0,76.0,-51.0,6,70.0,5.88,-45.0,0.3,15,9.3,24.8,34.1
Gustav Nyquist,C,530,1429.6,53.57,6.17,7.84,-1.67,147.0,7.0,140.0,1,6.0,6.72,141.0,-0.55,83,52.2,2.0,54.2
Jake Muzzin,D,523,1040.83,935.55,6.17,5.84,0.33000000000000007,107.0,91.0,16.0,5,86.0,5.52,21.0,0.65,61,40.4,34.1,74.5
Ryan Murray,D,347,457.43,709.55,6.16,5.92,0.2400000000000002,47.0,70.0,-23.0,2,68.0,5.75,-21.0,0.41,23,26.3,40.4,66.7
Teddy Purcell,L,251,634.55,134.7,6.15,8.02,-1.8699999999999992,65.0,18.0,47.0,1,17.0,7.57,48.0,-1.42,39,49.0,10.5,59.5
Benoit Pouliot,L,334,507.78,304.78,6.14,6.3,-0.16000000000000014,52.0,32.0,20.0,4,28.0,5.51,24.0,0.63,25,29.4,19.2,48.6
Christopher Tanev,D,422,185.93,1273.22,6.13,7.26,-1.13,19.0,154.0,-135.0,5,149.0,7.02,-130.0,-0.89,6,8.4,56.5,64.9
Nick Ritchie,L,294,283.88,66.08,6.13,6.36,-0.23000000000000043,29.0,7.0,22.0,0,7.0,6.36,22.0,-0.23,17,20.6,3.9,24.5
Matt Duchene,C,527,1370.92,154.97,6.13,8.13,-2.000000000000001,140.0,21.0,119.0,1,20.0,7.74,120.0,-1.61,86,51.0,5.9,56.9
Christian Ehrhoff,D,176,450.83,315.0,6.12,6.1,0.020000000000000462,46.0,32.0,14.0,3,29.0,5.52,17.0,0.6,22,48.2,30.6,78.8
Jon Merrill,D,356,186.73,437.88,6.1,5.89,0.20999999999999996,19.0,43.0,-24.0,3,40.0,5.48,-21.0,0.62,7,10.8,23.7,34.5
Oscar Fantenberg,D,124,68.82,124.68,6.1,8.18,-2.08,7.0,17.0,-10.0,0,17.0,8.18,-10.0,-2.08,5,11.2,19.6,30.8
Esa Lindell,D,308,374.43,829.67,6.09,7.74,-1.6500000000000004,38.0,107.0,-69.0,5,102.0,7.38,-64.0,-1.29,24,25.9,52.7,78.6
Alex Tanguay,L,166,394.23,165.37,6.09,5.08,1.0099999999999998,40.0,14.0,26.0,3,11.0,3.99,29.0,2.1,25,45.5,18.4,63.9
Anthony Beauvillier,L,286,354.95,101.65,6.09,8.85,-2.76,36.0,15.0,21.0,1,14.0,8.26,22.0,-2.17,18,26.0,8.0,34.0
Michael Cammalleri,L,300,711.55,144.8,6.07,7.04,-0.9699999999999998,72.0,17.0,55.0,2,15.0,6.22,57.0,-0.15,49,48.9,8.9,57.8
Erik Johnson,D,447,742.6,1206.6,6.06,7.66,-1.6000000000000005,75.0,154.0,-79.0,5,149.0,7.41,-74.0,-1.35,35,29.8,49.8,79.6
Alex Iafallo,L,227,347.48,161.12,6.04,8.19,-2.1499999999999995,35.0,22.0,13.0,0,22.0,8.19,13.0,-2.15,17,33.4,14.5,47.9
Devin Shore,C,288,417.22,234.2,6.04,6.4,-0.3600000000000003,42.0,25.0,17.0,4,21.0,5.38,21.0,0.66,24,31.7,15.8,47.5
Evan Rodrigues,C,199,228.8,202.4,6.03,7.71,-1.6799999999999997,23.0,26.0,-3.0,3,23.0,6.82,0.0,-0.79,12,23.0,22.7,45.7
David Moss,R,139,59.85,252.15,6.02,7.38,-1.3600000000000003,6.0,31.0,-25.0,1,30.0,7.14,-24.0,-1.12,4,8.5,32.4,40.9
Connor Brown,R,324,359.33,662.83,6.01,7.33,-1.3200000000000003,36.0,81.0,-45.0,8,73.0,6.61,-37.0,-0.6,17,23.7,42.4,66.1
Anton Lander,C,148,159.72,243.93,6.01,6.64,-0.6299999999999999,16.0,27.0,-11.0,0,27.0,6.64,-11.0,-0.63,7,21.9,33.9,55.8
Andrew Ladd,L,418,989.1,616.3,6.01,8.28,-2.2699999999999996,99.0,85.0,14.0,9,76.0,7.4,23.0,-1.39,51,45.5,26.9,72.4
Jordan Martinook,L,374,79.93,726.65,6.01,7.51,-1.5,8.0,91.0,-83.0,9,82.0,6.77,-74.0,-0.76,3,4.1,37.2,41.3
Dion Phaneuf,D,448,1121.33,917.13,5.99,8.24,-2.25,112.0,126.0,-14.0,5,121.0,7.92,-9.0,-1.93,62,48.0,39.8,87.8
Rasmus Andersson,D,160,200.73,81.95,5.98,4.39,1.5900000000000007,20.0,6.0,14.0,0,6.0,4.39,14.0,1.59,6,25.2,10.7,35.9
Brett Howden,C,136,110.6,223.43,5.97,8.06,-2.0900000000000007,11.0,30.0,-19.0,2,28.0,7.52,-17.0,-1.55,4,16.7,29.5,46.2
Miro Heiskanen,D,150,292.2,254.75,5.95,6.59,-0.6399999999999997,29.0,28.0,1.0,1,27.0,6.36,2.0,-0.41,15,43.3,34.1,77.4
Artturi Lehkonen,L,291,252.6,488.97,5.94,7.73,-1.79,25.0,63.0,-38.0,3,60.0,7.36,-35.0,-1.42,8,18.3,33.9,52.2
Derek Grant,C,259,111.6,439.15,5.91,7.79,-1.88,11.0,57.0,-46.0,7,50.0,6.83,-39.0,-0.92,5,9.2,31.5,40.7
Charlie Coyle,C,533,955.35,303.48,5.9,6.92,-1.0199999999999996,94.0,35.0,59.0,5,30.0,5.93,64.0,-0.03,33,35.7,11.8,47.5
Matt Hunwick,D,244,50.85,534.73,5.9,7.07,-1.17,5.0,63.0,-58.0,1,62.0,6.96,-57.0,-1.06,4,4.0,42.1,46.1
Valtteri Filppula,C,535,1190.62,800.3,5.9,6.75,-0.8499999999999996,117.0,90.0,27.0,5,85.0,6.37,32.0,-0.47,61,40.8,29.7,70.5
Brian Gionta,R,331,580.68,489.47,5.89,5.88,0.009999999999999787,57.0,48.0,9.0,4,44.0,5.39,13.0,0.5,32,34.0,28.4,62.4
Tyler Myers,D,447,896.5,1018.95,5.89,6.71,-0.8200000000000003,88.0,114.0,-26.0,8,106.0,6.24,-18.0,-0.35,48,37.7,41.5,79.2
Noah Hanifin,D,389,672.78,269.8,5.89,6.0,-0.11000000000000032,66.0,27.0,39.0,2,25.0,5.56,41.0,0.33,35,35.2,16.0,51.2
Drake Caggiula,C,222,194.27,152.73,5.87,9.82,-3.95,19.0,25.0,-6.0,4,21.0,8.25,-2.0,-2.38,9,17.9,14.1,32.0
Brett Pesce,D,350,163.7,789.1,5.86,6.46,-0.5999999999999996,16.0,85.0,-69.0,4,81.0,6.16,-65.0,-0.3,7,9.6,49.6,59.2
Lee Stempniak,R,347,525.7,277.78,5.82,5.4,0.41999999999999993,51.0,25.0,26.0,6,19.0,4.1,32.0,1.72,24,30.8,16.7,47.5
Jakob Silfverberg,R,510,783.5,888.35,5.82,6.01,-0.1899999999999995,76.0,89.0,-13.0,14,75.0,5.07,1.0,0.75,44,31.5,31.1,62.6
Jesper Bratt,L,185,383.02,89.28,5.8,6.72,-0.9199999999999999,37.0,10.0,27.0,2,8.0,5.38,29.0,0.42,26,39.1,9.1,48.2
Alex Goligoski,D,550,1202.35,1266.65,5.79,7.06,-1.2699999999999996,116.0,149.0,-33.0,7,142.0,6.73,-26.0,-0.94,65,41.0,47.2,88.2
Seth Jones,D,524,1192.22,1038.77,5.79,6.58,-0.79,115.0,114.0,1.0,6,108.0,6.24,7.0,-0.45,83,46.3,42.8,89.1
R.J. Umberger,C,180,259.43,153.47,5.78,6.26,-0.47999999999999954,25.0,16.0,9.0,2,14.0,5.47,11.0,0.31,16,26.7,15.0,41.7
Matt Calvert,L,451,197.62,863.3,5.77,7.09,-1.3200000000000003,19.0,102.0,-83.0,13,89.0,6.19,-70.0,-0.42,8,8.3,36.1,44.4
Mattias Ekholm,D,535,624.3,1134.17,5.77,6.51,-0.7400000000000002,60.0,123.0,-63.0,9,114.0,6.03,-54.0,-0.26,35,22.0,42.0,64.0
Colton Sceviour,C,452,239.32,781.02,5.77,7.14,-1.37,23.0,93.0,-70.0,8,85.0,6.53,-62.0,-0.76,13,9.8,36.2,46.0
Dylan Larkin,C,389,906.02,351.3,5.76,7.51,-1.75,87.0,44.0,43.0,7,37.0,6.32,50.0,-0.56,49,46.8,17.7,64.5
Jason Garrison,D,318,417.42,595.18,5.75,6.75,-1.0,40.0,67.0,-27.0,3,64.0,6.45,-24.0,-0.7,27,23.7,34.9,58.6
TJ Brodie,D,530,1012.37,1111.03,5.75,7.61,-1.8600000000000003,97.0,141.0,-44.0,10,131.0,7.07,-34.0,-1.32,53,36.1,43.3,79.4
Curtis Lazar,C,284,83.58,247.43,5.74,7.76,-2.0199999999999996,8.0,32.0,-24.0,5,27.0,6.55,-19.0,-0.81,2,5.5,17.6,23.1
Markus Granlund,C,335,387.08,537.58,5.74,8.04,-2.299999999999999,37.0,72.0,-35.0,6,66.0,7.37,-29.0,-1.63,15,21.4,34.0,55.4
Martin St. Louis,R,155,481.32,102.15,5.73,5.87,-0.13999999999999968,46.0,10.0,36.0,2,8.0,4.7,38.0,1.03,34,59.8,12.7,72.5
Nick Bjugstad,C,428,816.23,83.57,5.73,14.36,-8.629999999999999,78.0,20.0,58.0,2,18.0,12.92,60.0,-7.19,46,35.3,3.9,39.2
Oscar Lindberg,L,252,94.18,93.03,5.73,6.45,-0.7199999999999998,9.0,10.0,-1.0,0,10.0,6.45,-1.0,-0.72,5,7.7,7.7,15.4
Zach Hyman,L,302,104.65,728.18,5.73,6.76,-1.0299999999999994,10.0,82.0,-72.0,8,74.0,6.1,-64.0,-0.37,6,7.6,52.2,59.8
Phillip Danault,C,339,261.75,603.05,5.73,7.96,-2.2299999999999995,25.0,80.0,-55.0,4,76.0,7.56,-51.0,-1.83,12,16.3,35.6,51.9
Thomas Chabot,D,205,555.18,68.53,5.73,5.25,0.4800000000000004,53.0,6.0,47.0,1,5.0,4.38,48.0,1.35,35,56.1,7.0,63.1
Nico Hischier,C,209,524.5,141.55,5.72,4.66,1.0599999999999996,50.0,11.0,39.0,2,9.0,3.81,41.0,1.91,27,47.4,13.0,60.4
Jason Pominville,R,472,1051.92,82.12,5.7,5.85,-0.14999999999999947,100.0,8.0,92.0,0,8.0,5.85,92.0,-0.15,57,43.0,3.7,46.7
Mikael Backlund,C,520,926.08,962.15,5.7,6.86,-1.1600000000000001,88.0,110.0,-22.0,21,89.0,5.55,-1.0,0.15,60,34.2,37.5,71.7
Jimmy Vesey,L,304,400.22,179.95,5.7,9.67,-3.9699999999999998,38.0,29.0,9.0,1,28.0,9.34,10.0,-3.64,16,27.7,12.3,40.0
Shawn Horcoff,C,212,231.87,253.97,5.69,5.67,0.020000000000000462,22.0,24.0,-2.0,3,21.0,4.96,1.0,0.73,9,19.4,22.6,42.0
Filip Hronek,D,111,264.3,241.57,5.68,9.94,-4.26,25.0,40.0,-15.0,1,39.0,9.69,-14.0,-4.01,15,49.0,44.1,93.1
Adrian Kempe,C,256,391.17,128.98,5.68,4.65,1.0299999999999994,37.0,10.0,27.0,5,5.0,2.33,32.0,3.35,21,32.8,10.4,43.2
Trevor Lewis,C,471,127.25,680.0,5.66,6.35,-0.6899999999999995,12.0,72.0,-60.0,5,67.0,5.91,-55.0,-0.25,6,5.4,27.7,33.1
Marcus Pettersson,D,175,148.92,169.48,5.64,6.73,-1.0900000000000007,14.0,19.0,-5.0,1,18.0,6.37,-4.0,-0.73,8,18.2,20.1,38.3
Anton Stralman,D,505,606.55,1214.4,5.64,6.23,-0.5900000000000007,57.0,126.0,-69.0,1,125.0,6.18,-68.0,-0.54,34,22.2,47.3,69.5
Matt Irwin,D,321,202.57,186.35,5.63,8.05,-2.420000000000001,19.0,25.0,-6.0,2,23.0,7.41,-4.0,-1.78,9,11.8,11.8,23.6
Ben Hutton,D,341,512.0,453.85,5.63,6.48,-0.8500000000000005,48.0,49.0,-1.0,2,47.0,6.21,1.0,-0.58,28,29.7,26.8,56.5
Brock Nelson,C,548,1134.05,453.17,5.61,7.15,-1.54,106.0,54.0,52.0,2,52.0,6.88,54.0,-1.27,56,42.0,17.9,59.9
Nikita Zadorov,D,356,150.95,555.45,5.56,7.24,-1.6800000000000006,14.0,67.0,-53.0,0,67.0,7.24,-53.0,-1.68,8,7.7,29.2,36.9
John-Michael Liles,D,215,401.57,199.52,5.53,5.11,0.41999999999999993,37.0,17.0,20.0,1,16.0,4.81,21.0,0.72,17,36.9,21.5,58.4
Brayden McNabb,D,441,141.45,885.58,5.51,7.72,-2.21,13.0,114.0,-101.0,3,111.0,7.52,-98.0,-2.01,6,6.5,39.4,45.9
Antoine Roussel,L,480,228.67,631.03,5.51,6.56,-1.0499999999999998,21.0,69.0,-48.0,3,66.0,6.28,-45.0,-0.77,9,8.7,25.4,34.1
Jason Chimera,L,397,217.95,466.33,5.51,6.3,-0.79,20.0,49.0,-29.0,4,45.0,5.79,-25.0,-0.28,14,11.2,22.6,33.8
Chandler Stephenson,C,209,54.5,279.83,5.5,6.22,-0.7199999999999998,5.0,29.0,-24.0,4,25.0,5.36,-20.0,0.14,2,5.5,25.9,31.4
Patrick Wiercioch,D,218,349.28,136.33,5.5,4.84,0.6600000000000001,32.0,11.0,21.0,0,11.0,4.84,21.0,0.66,19,30.3,11.1,41.4
Boone Jenner,C,489,743.6,439.08,5.49,7.79,-2.3,68.0,57.0,11.0,5,52.0,7.11,16.0,-1.62,37,31.3,18.3,49.6
Marco Scandella,D,491,252.05,1020.68,5.48,7.35,-1.8699999999999992,23.0,125.0,-102.0,4,121.0,7.11,-98.0,-1.63,12,9.8,44.2,54.0
Michael Del Zotto,D,407,439.55,657.77,5.46,8.03,-2.5699999999999994,40.0,88.0,-48.0,2,86.0,7.84,-46.0,-2.38,21,20.9,30.7,51.6
Scott Wilson,L,193,66.02,89.25,5.45,8.74,-3.29,6.0,13.0,-7.0,0,13.0,8.74,-7.0,-3.29,1,6.9,9.5,16.4
Tobias Rieder,C,434,430.63,710.17,5.43,7.35,-1.92,39.0,87.0,-48.0,8,79.0,6.67,-40.0,-1.24,21,20.2,31.7,51.9
Nick Spaling,C,211,110.9,386.75,5.41,5.9,-0.4900000000000002,10.0,38.0,-28.0,1,37.0,5.74,-27.0,-0.33,7,9.8,34.3,44.1
Charlie McAvoy,D,184,300.65,241.67,5.39,4.47,0.9199999999999999,27.0,18.0,9.0,2,16.0,3.97,11.0,1.42,11,32.4,26.4,58.8
Nathan Beaulieu,D,364,334.12,252.47,5.39,5.47,-0.08000000000000007,30.0,23.0,7.0,0,23.0,5.47,7.0,-0.08,19,18.2,14.2,32.4
Derek Ryan,C,302,502.0,329.4,5.38,6.19,-0.8100000000000005,45.0,34.0,11.0,7,27.0,4.92,18.0,0.46,27,34.3,25.1,59.4
Ryan Ellis,D,463,964.35,798.68,5.35,5.93,-0.5800000000000001,86.0,79.0,7.0,8,71.0,5.33,15.0,0.02,49,39.8,35.0,74.8
Frank Vatrano,C,274,349.42,90.85,5.32,5.94,-0.6200000000000001,31.0,9.0,22.0,2,7.0,4.62,24.0,0.7,15,25.8,6.9,32.7
Marc-Edouard Vlasic,D,516,598.2,1264.32,5.32,6.98,-1.6600000000000001,53.0,147.0,-94.0,7,140.0,6.64,-87.0,-1.32,25,22.7,52.8,75.5
John Mitchell,C,279,203.4,359.25,5.31,6.68,-1.37,18.0,40.0,-22.0,2,38.0,6.35,-20.0,-1.04,8,13.9,24.6,38.5
Anthony Duclair,L,353,712.52,65.53,5.31,10.07,-4.760000000000001,63.0,11.0,52.0,2,9.0,8.24,54.0,-2.93,34,38.7,3.7,42.4
Francois Beauchemin,D,364,509.63,1012.82,5.3,8.06,-2.7600000000000007,45.0,136.0,-91.0,5,131.0,7.76,-86.0,-2.46,21,27.3,51.3,78.6
Dylan DeMelo,D,269,193.28,294.63,5.28,6.52,-1.2399999999999993,17.0,32.0,-15.0,3,29.0,5.91,-12.0,-0.63,10,14.4,24.5,38.9
Mike Santorelli,C,198,136.45,129.28,5.28,4.64,0.6400000000000006,12.0,10.0,2.0,4,6.0,2.78,6.0,2.5,5,13.0,12.0,25.0
Mason Raymond,L,172,318.78,118.17,5.27,5.59,-0.3200000000000003,28.0,11.0,17.0,2,9.0,4.57,19.0,0.7,12,34.7,14.4,49.1
Jay Bouwmeester,D,476,330.37,1339.42,5.27,6.05,-0.7800000000000002,29.0,135.0,-106.0,1,134.0,6.0,-105.0,-0.73,18,14.1,53.1,67.2
Matt Carle,D,211,182.63,406.92,5.26,6.64,-1.38,16.0,45.0,-29.0,0,45.0,6.64,-29.0,-1.38,8,15.1,35.5,50.6
Nick Bonino,C,514,878.95,1087.1,5.26,6.9,-1.6400000000000006,77.0,125.0,-48.0,3,122.0,6.73,-45.0,-1.47,42,32.3,40.2,72.5
Ivan Provorov,D,315,621.77,871.67,5.21,8.05,-2.8400000000000007,54.0,117.0,-63.0,1,116.0,7.98,-62.0,-2.77,28,36.9,58.2,95.1
Drew Stafford,R,398,749.05,232.45,5.21,8.52,-3.3099999999999996,65.0,33.0,32.0,5,28.0,7.23,37.0,-2.02,36,36.6,10.6,47.2
Oskar Sundqvist,C,201,58.03,269.42,5.17,5.79,-0.6200000000000001,5.0,26.0,-21.0,5,21.0,4.68,-16.0,0.49,1,6.3,29.1,35.4
Trevor Daley,D,437,592.78,903.53,5.16,7.3,-2.1399999999999997,51.0,110.0,-59.0,7,103.0,6.84,-52.0,-1.68,31,25.9,41.1,67.0
Tommy Wingels,C,368,279.2,417.22,5.16,6.62,-1.46,24.0,46.0,-22.0,8,38.0,5.46,-14.0,-0.3,19,13.6,24.5,38.1
Jason Demers,D,453,605.35,851.18,5.15,5.0,0.15000000000000036,52.0,71.0,-19.0,5,66.0,4.65,-14.0,0.5,28,24.8,39.3,64.1
Toby Enstrom,D,317,641.65,590.55,5.14,7.42,-2.2800000000000002,55.0,73.0,-18.0,1,72.0,7.32,-17.0,-2.18,27,37.9,32.1,70.0
Jordan Oesterle,D,209,280.63,172.38,5.13,5.92,-0.79,24.0,17.0,7.0,0,17.0,5.92,7.0,-0.79,12,26.6,18.2,44.8
Kevin Bieksa,D,347,444.9,677.47,5.12,5.14,-0.019999999999999574,38.0,58.0,-20.0,1,57.0,5.05,-19.0,0.07,20,25.7,33.4,59.1
Radek Faksa,C,351,234.35,600.05,5.12,7.0,-1.88,20.0,70.0,-50.0,4,66.0,6.6,-46.0,-1.48,9,14.0,33.0,47.0
Vinnie Hinostroza,R,246,187.67,65.38,5.12,4.59,0.5300000000000002,16.0,5.0,11.0,1,4.0,3.67,12.0,1.45,11,14.8,6.0,20.8
Eric Fehr,C,346,93.98,572.2,5.11,6.71,-1.5999999999999996,8.0,64.0,-56.0,7,57.0,5.98,-49.0,-0.87,3,5.3,31.1,36.4
Christian Dvorak,C,246,470.42,188.2,5.1,9.88,-4.780000000000001,40.0,31.0,9.0,0,31.0,9.88,9.0,-4.78,23,38.6,16.2,54.8
Nathan Gerbe,C,238,318.2,223.85,5.09,5.09,0.0,27.0,19.0,8.0,2,17.0,4.56,10.0,0.53,16,26.7,23.2,49.9
Brandon Saad,L,540,979.28,611.6,5.09,6.38,-1.29,83.0,65.0,18.0,8,57.0,5.59,26.0,-0.5,38,35.8,23.5,59.3
Slava Voynov,D,88,248.08,183.63,5.08,3.59,1.4900000000000002,21.0,11.0,10.0,1,10.0,3.27,11.0,1.81,14,47.3,34.8,82.1
Oskar Lindblom,L,134,189.23,110.07,5.07,10.36,-5.289999999999999,16.0,19.0,-3.0,0,19.0,10.36,-3.0,-5.29,8,27.5,18.0,45.5
Jaccob Slavin,D,377,390.57,1009.45,5.07,7.13,-2.0599999999999996,33.0,120.0,-87.0,8,112.0,6.66,-79.0,-1.59,20,21.4,58.4,79.8
Kasperi Kapanen,R,202,165.83,292.07,5.07,7.6,-2.5299999999999994,14.0,37.0,-23.0,5,32.0,6.57,-18.0,-1.5,6,18.7,32.6,51.3
Matt Benning,D,248,130.38,196.5,5.06,7.63,-2.5700000000000003,11.0,25.0,-14.0,2,23.0,7.02,-12.0,-1.96,6,11.9,16.5,28.4
Travis Hamonic,D,454,284.48,1182.7,5.06,7.41,-2.3500000000000005,24.0,146.0,-122.0,4,142.0,7.2,-118.0,-2.14,12,12.2,53.0,65.2
Dmitry Kulikov,D,445,462.73,867.0,5.06,7.82,-2.7600000000000007,39.0,113.0,-74.0,2,111.0,7.68,-72.0,-2.62,20,19.6,38.9,58.5
Joe Colborne,C,279,403.62,117.28,5.05,10.23,-5.180000000000001,34.0,20.0,14.0,1,19.0,9.72,15.0,-4.67,17,27.8,9.0,36.8
Josh Anderson,R,267,249.83,229.62,5.04,4.7,0.33999999999999986,21.0,18.0,3.0,3,15.0,3.92,6.0,1.12,11,20.1,19.2,39.3
Brandon Dubinsky,C,401,596.18,741.62,5.03,7.28,-2.25,50.0,90.0,-40.0,9,81.0,6.55,-31.0,-1.52,32,30.7,36.7,67.4
Dmitry Orlov,D,451,407.62,387.43,5.0,6.35,-1.3499999999999996,34.0,41.0,-7.0,1,40.0,6.19,-6.0,-1.19,19,17.9,15.5,33.4
Jiri Tlusty,L,170,264.27,96.02,4.99,2.5,2.49,22.0,4.0,18.0,2,2.0,1.25,20.0,3.74,13,29.1,11.8,40.9
Radko Gudas,D,457,84.13,986.92,4.99,7.36,-2.37,7.0,121.0,-114.0,1,120.0,7.3,-113.0,-2.31,5,3.3,42.2,45.5
Colin Greening,C,133,108.82,91.63,4.96,6.55,-1.5899999999999999,9.0,10.0,-1.0,0,10.0,6.55,-1.0,-1.59,5,14.8,11.4,26.2
John Moore,D,433,399.33,608.73,4.96,6.41,-1.4500000000000002,33.0,65.0,-32.0,1,64.0,6.31,-31.0,-1.35,20,18.2,27.2,45.4
Sam Bennett,C,364,509.47,168.57,4.95,6.76,-1.8099999999999996,42.0,19.0,23.0,1,18.0,6.41,24.0,-1.46,22,26.6,9.0,35.6
Jarret Stoll,C,231,194.22,417.28,4.94,8.34,-3.3999999999999995,16.0,58.0,-42.0,3,55.0,7.91,-39.0,-2.97,8,15.8,34.5,50.3
Brendan Smith,D,430,121.7,611.03,4.93,7.36,-2.4300000000000006,10.0,75.0,-65.0,3,72.0,7.07,-62.0,-2.14,8,5.2,25.9,31.1
Alexandre Burrows,R,344,561.92,457.67,4.91,6.95,-2.04,46.0,53.0,-7.0,3,50.0,6.55,-4.0,-1.64,24,31.5,26.4,57.9
Scottie Upshall,R,345,158.92,476.88,4.91,7.42,-2.51,13.0,59.0,-46.0,6,53.0,6.67,-40.0,-1.76,7,8.9,26.3,35.2
Patrik Berglund,C,359,441.5,417.7,4.89,5.31,-0.41999999999999993,36.0,37.0,-1.0,1,36.0,5.17,0.0,-0.28,23,24.0,21.4,45.4
Richard Panik,R,444,568.12,177.72,4.86,8.1,-3.2399999999999993,46.0,24.0,22.0,1,23.0,7.77,23.0,-2.91,23,23.8,8.0,31.8
Matt Nieto,L,472,174.15,790.73,4.82,7.28,-2.46,14.0,96.0,-82.0,10,86.0,6.53,-72.0,-1.71,9,6.5,34.0,40.5
Martin Erat,R,149,213.57,109.42,4.78,5.48,-0.7000000000000002,17.0,10.0,7.0,0,10.0,5.48,7.0,-0.7,10,28.1,12.9,41.0
Brian Campbell,D,326,917.45,384.17,4.77,6.4,-1.6300000000000008,73.0,41.0,32.0,3,38.0,5.93,35.0,-1.16,37,52.7,23.9,76.6
Jean-Gabriel Pageau,C,426,341.43,877.57,4.74,7.73,-2.99,27.0,113.0,-86.0,20,93.0,6.36,-66.0,-1.62,14,15.7,41.5,57.2
Luke Kunin,C,131,113.92,175.93,4.74,9.89,-5.15,9.0,29.0,-20.0,2,27.0,9.21,-18.0,-4.47,3,17.3,27.9,45.2
Rich Peverley,C,62,127.1,70.57,4.72,4.25,0.46999999999999975,10.0,5.0,5.0,2,3.0,2.55,7.0,2.17,3,32.5,22.5,55.0
Andre Benoit,D,140,267.3,211.47,4.71,8.23,-3.5200000000000005,21.0,29.0,-8.0,2,27.0,7.66,-6.0,-2.95,9,37.4,29.3,66.7
Matt Read,R,328,396.83,608.83,4.69,6.8,-2.1099999999999994,31.0,69.0,-38.0,6,63.0,6.21,-32.0,-1.52,16,21.9,33.6,55.5
Michael Frolik,R,501,385.05,769.2,4.67,6.16,-1.4900000000000002,30.0,79.0,-49.0,18,61.0,4.76,-31.0,-0.09,18,14.5,28.3,42.8
Mark Arcobello,R,138,154.8,114.52,4.65,6.81,-2.1599999999999993,12.0,13.0,-1.0,1,12.0,6.29,0.0,-1.64,7,21.0,15.4,36.4
Peter Holland,C,241,297.65,159.97,4.64,8.25,-3.6100000000000003,23.0,22.0,1.0,3,19.0,7.13,4.0,-2.49,16,23.2,12.5,35.7
Lars Eller,C,545,532.28,996.62,4.62,5.78,-1.1600000000000001,41.0,96.0,-55.0,11,85.0,5.12,-44.0,-0.5,22,18.8,33.1,51.9
Trevor van Riemsdyk,D,364,104.0,439.12,4.62,6.56,-1.9399999999999995,8.0,48.0,-40.0,1,47.0,6.42,-39.0,-1.8,2,5.8,26.8,32.6
Vladimir Sobotka,C,228,247.32,366.5,4.61,7.2,-2.59,19.0,44.0,-25.0,3,41.0,6.71,-22.0,-2.1,10,20.7,32.2,52.9
Jared McCann,C,310,325.93,164.93,4.6,5.82,-1.2200000000000006,25.0,16.0,9.0,5,11.0,4.0,14.0,0.6,14,20.2,11.2,31.4
Blake Comeau,L,491,274.33,824.97,4.59,6.84,-2.25,21.0,94.0,-73.0,8,86.0,6.25,-65.0,-1.66,11,10.7,31.5,42.2
Kevin Connauton,D,314,235.33,240.57,4.59,7.23,-2.6400000000000006,18.0,29.0,-11.0,2,27.0,6.73,-9.0,-2.14,8,14.1,14.1,28.2
Connor Carrick,D,230,104.7,95.65,4.58,6.27,-1.6899999999999995,8.0,10.0,-2.0,0,10.0,6.27,-2.0,-1.69,5,9.1,8.1,17.2
Calvin de Haan,D,406,157.82,817.42,4.56,7.34,-2.7800000000000002,12.0,100.0,-88.0,1,99.0,7.27,-87.0,-2.71,7,7.5,41.6,49.1
Ian Cole,D,474,92.43,948.32,4.54,7.15,-2.6100000000000003,7.0,113.0,-106.0,0,113.0,7.15,-106.0,-2.61,6,3.6,38.3,41.9
Cody Ceci,D,496,357.53,1270.37,4.53,7.08,-2.55,27.0,150.0,-123.0,2,148.0,6.99,-121.0,-2.46,13,14.3,51.5,65.8
Nikita Soshnikov,R,87,53.07,73.87,4.52,2.44,2.0799999999999996,4.0,3.0,1.0,0,3.0,2.44,1.0,2.08,2,13.0,17.7,30.7
Zack Smith,C,462,384.92,706.75,4.52,6.62,-2.1000000000000005,29.0,78.0,-49.0,18,60.0,5.09,-31.0,-0.57,10,16.2,29.9,46.1
Blake Lizotte,C,66,66.63,71.9,4.5,7.51,-3.01,5.0,9.0,-4.0,3,6.0,5.01,-1.0,-0.51,3,21.9,23.8,45.7
Matt Martin,L,491,53.52,113.75,4.48,8.44,-3.959999999999999,4.0,16.0,-12.0,0,16.0,8.44,-12.0,-3.96,0,2.2,4.9,7.1
Travis Sanheim,D,200,160.8,193.53,4.48,8.37,-3.889999999999999,12.0,27.0,-15.0,0,27.0,8.37,-15.0,-3.89,9,15.5,20.3,35.8
Brandon Montour,D,243,415.5,302.88,4.48,7.13,-2.6499999999999995,31.0,36.0,-5.0,2,34.0,6.74,-3.0,-2.26,21,37.9,24.0,61.9
Jake McCabe,D,340,134.12,619.22,4.47,7.56,-3.09,10.0,78.0,-68.0,2,76.0,7.36,-66.0,-2.89,5,7.7,39.0,46.7
Troy Stecher,D,286,281.75,257.3,4.47,5.13,-0.6600000000000001,21.0,22.0,-1.0,2,20.0,4.66,1.0,-0.19,11,19.3,17.8,37.1
Jordie Benn,D,488,188.28,1056.72,4.46,8.29,-3.829999999999999,14.0,146.0,-132.0,3,143.0,8.12,-129.0,-3.66,7,7.1,42.6,49.7
Olli Jokinen,C,144,175.05,121.92,4.46,7.87,-3.41,13.0,16.0,-3.0,0,16.0,7.87,-3.0,-3.41,8,22.6,15.2,37.8
Victor Mete,D,171,94.33,100.7,4.45,5.36,-0.9100000000000001,7.0,9.0,-2.0,0,9.0,5.36,-2.0,-0.91,5,11.1,11.8,22.9
Brian Flynn,C,249,67.97,468.52,4.41,6.15,-1.7400000000000002,5.0,48.0,-43.0,5,43.0,5.51,-38.0,-1.1,1,5.2,34.4,39.6
Zemgus Girgensons,C,489,233.27,848.05,4.37,8.7,-4.329999999999999,17.0,123.0,-106.0,9,114.0,8.07,-97.0,-3.7,6,9.3,36.1,45.4
Brandon Sutter,C,393,540.57,941.85,4.33,5.92,-1.5899999999999999,39.0,93.0,-54.0,13,80.0,5.1,-41.0,-0.77,23,26.4,46.0,72.4
Nicholas Shore,C,299,69.63,368.43,4.31,4.72,-0.41000000000000014,5.0,29.0,-24.0,1,28.0,4.56,-23.0,-0.25,4,4.9,23.6,28.5
Jujhar Khaira,L,218,56.22,273.87,4.27,4.6,-0.33000000000000007,4.0,21.0,-17.0,4,17.0,3.72,-13.0,0.55,1,5.7,25.3,31.0
Marc Staal,D,504,56.22,1211.27,4.27,6.89,-2.62,4.0,139.0,-135.0,4,135.0,6.69,-131.0,-2.42,1,2.3,48.1,50.4
Zach Sanford,L,157,70.53,68.35,4.25,1.76,2.49,5.0,2.0,3.0,0,2.0,1.76,3.0,2.49,2,9.4,9.3,18.7
Austin Czarnik,C,121,170.48,65.72,4.22,1.83,2.3899999999999997,12.0,2.0,10.0,0,2.0,1.83,10.0,2.39,8,27.2,10.8,38.0
Nikita Nikitin,D,119,129.33,122.87,4.18,5.37,-1.1900000000000004,9.0,11.0,-2.0,0,11.0,5.37,-2.0,-1.19,3,20.1,19.8,39.9
Mike Richards,C,174,303.35,255.78,4.15,5.4,-1.25,21.0,23.0,-2.0,2,21.0,4.93,0.0,-0.78,15,30.7,26.1,56.8
Marcus Foligno,L,504,188.58,539.83,4.14,5.67,-1.5300000000000002,13.0,51.0,-38.0,6,45.0,5.0,-32.0,-0.86,7,7.5,21.2,28.7
Cody Eakin,C,508,595.12,836.77,4.13,8.17,-4.04,41.0,114.0,-73.0,14,100.0,7.17,-59.0,-3.04,21,22.2,33.5,55.7
Justin Braun,D,534,203.5,1179.15,4.13,7.53,-3.4000000000000004,14.0,148.0,-134.0,2,146.0,7.43,-132.0,-3.3,6,7.2,48.4,55.6
Brock McGinn,L,308,58.2,495.15,4.12,5.94,-1.8200000000000003,4.0,49.0,-45.0,5,44.0,5.33,-40.0,-1.21,3,3.8,35.0,38.8
Mark Barberio,D,270,147.1,250.2,4.08,3.6,0.48,10.0,15.0,-5.0,2,13.0,3.12,-3.0,0.96,6,10.3,17.6,27.9
Zach Trotman,D,91,59.12,98.88,4.06,3.64,0.4199999999999995,4.0,6.0,-2.0,0,6.0,3.64,-2.0,0.42,1,13.7,20.8,34.5
Zack Kassian,R,442,133.03,303.45,4.06,7.71,-3.6500000000000004,9.0,39.0,-30.0,3,36.0,7.12,-27.0,-3.06,3,6.4,13.4,19.8
Ryan Hartman,R,314,119.15,139.77,4.03,7.73,-3.7,8.0,18.0,-10.0,0,18.0,7.73,-10.0,-3.7,4,7.2,9.4,16.6
Jannik Hansen,R,308,135.0,381.0,4.0,6.61,-2.6100000000000003,9.0,42.0,-33.0,6,36.0,5.67,-27.0,-1.67,2,8.5,23.9,32.4
Danny DeKeyser,D,430,317.27,1060.65,3.97,7.92,-3.9499999999999997,21.0,140.0,-119.0,1,139.0,7.86,-118.0,-3.89,10,14.1,47.1,61.2
Steve Ott,C,234,166.25,421.05,3.97,5.99,-2.02,11.0,42.0,-31.0,0,42.0,5.99,-31.0,-2.02,8,13.5,34.3,47.8
Sergey Kalinin,C,121,121.05,103.73,3.97,6.94,-2.97,8.0,12.0,-4.0,0,12.0,6.94,-4.0,-2.97,3,18.8,15.7,34.5
Brian Dumoulin,D,347,136.62,686.22,3.95,6.82,-2.87,9.0,78.0,-69.0,5,73.0,6.38,-64.0,-2.43,5,7.7,39.1,46.8
Dale Weise,R,395,198.83,142.98,3.92,8.39,-4.470000000000001,13.0,20.0,-7.0,1,19.0,7.97,-6.0,-4.05,9,9.5,7.1,16.6
Mikhail Grigorenko,C,192,277.12,124.97,3.9,5.28,-1.3800000000000003,18.0,11.0,7.0,0,11.0,5.28,7.0,-1.38,11,27.9,12.5,40.4
Zach Bogosian,D,347,323.42,722.22,3.9,5.48,-1.5800000000000005,21.0,66.0,-45.0,3,63.0,5.23,-42.0,-1.33,11,18.2,39.5,57.7
Andrej Meszaros,D,112,147.55,98.9,3.66,6.67,-3.01,9.0,11.0,-2.0,0,11.0,6.67,-2.0,-3.01,3,25.7,14.6,40.3
Alexei Emelin,D,351,67.2,733.1,3.57,7.78,-4.210000000000001,4.0,95.0,-91.0,0,95.0,7.78,-91.0,-4.21,3,3.6,38.9,42.5
Ron Hainsey,D,541,135.73,1528.97,3.54,6.87,-3.33,8.0,175.0,-167.0,10,165.0,6.47,-157.0,-2.93,2,5.1,62.5,67.6
Stephen Johns,D,167,68.35,306.67,3.51,6.65,-3.1400000000000006,4.0,34.0,-30.0,1,33.0,6.46,-29.0,-2.95,1,8.0,34.8,42.8
Brandon Manning,D,245,51.58,350.05,3.49,8.23,-4.74,3.0,48.0,-45.0,1,47.0,8.06,-44.0,-4.57,1,3.9,28.8,32.7
Tom Gilbert,D,208,252.65,305.2,3.32,7.86,-4.540000000000001,14.0,40.0,-26.0,1,39.0,7.67,-25.0,-4.35,7,22.3,28.1,50.4
Erik Gudbranson,D,414,162.77,971.32,3.32,8.83,-5.51,9.0,143.0,-134.0,2,141.0,8.71,-132.0,-5.39,5,7.3,46.1,53.4
Valeri Nichushkin,R,288,307.77,56.7,3.31,3.17,0.14000000000000012,17.0,3.0,14.0,1,2.0,2.12,15.0,1.19,6,20.2,4.0,24.2
Dainius Zubrus,C,206,54.67,328.63,3.29,4.2,-0.9100000000000001,3.0,23.0,-20.0,1,22.0,4.02,-19.0,-0.73,1,5.4,29.2,34.6
Grant Clitsome,D,56,54.98,77.12,3.27,4.67,-1.4,3.0,6.0,-3.0,0,6.0,4.67,-3.0,-1.4,2,17.9,23.2,41.1
Adam Larsson,D,445,73.4,1020.88,3.27,6.35,-3.0799999999999996,4.0,108.0,-104.0,5,103.0,6.05,-99.0,-2.78,0,3.5,45.0,48.5
MacKenzie Weegar,D,172,56.62,181.57,3.18,5.95,-2.77,3.0,18.0,-15.0,0,18.0,5.95,-15.0,-2.77,1,6.4,24.0,30.4
Raphael Diaz,D,119,152.1,129.2,3.16,3.25,-0.08999999999999986,8.0,7.0,1.0,1,6.0,2.79,2.0,0.37,5,23.3,23.3,46.6
Tomas Fleischmann,L,222,328.55,252.02,3.1,8.57,-5.470000000000001,17.0,36.0,-19.0,2,34.0,8.09,-17.0,-4.99,9,27.3,22.0,49.3
Dan Hamhuis,D,472,483.73,1140.07,3.1,7.21,-4.109999999999999,25.0,137.0,-112.0,2,135.0,7.1,-110.0,-4.0,12,19.6,46.0,65.6
Justin Fontaine,R,197,97.77,108.9,3.07,4.41,-1.3400000000000003,5.0,8.0,-3.0,1,7.0,3.86,-2.0,-0.79,4,9.4,11.2,20.6
Michael Raffl,L,470,176.08,405.03,3.07,5.33,-2.2600000000000002,9.0,36.0,-27.0,3,33.0,4.89,-24.0,-1.82,6,6.8,16.5,23.3
Chris Higgins,L,188,280.4,347.52,3.0,6.04,-3.04,14.0,35.0,-21.0,2,33.0,5.7,-19.0,-2.7,8,29.1,33.4,62.5
Marcel Goc,C,148,80.98,337.12,2.96,6.76,-3.8,4.0,38.0,-34.0,1,37.0,6.59,-33.0,-3.63,2,10.0,42.9,52.9
Marc Methot,D,302,61.5,665.6,2.93,7.12,-4.1899999999999995,3.0,79.0,-76.0,0,79.0,7.12,-76.0,-4.19,3,3.9,40.9,44.8
Thomas Hickey,D,410,123.47,820.85,2.92,7.16,-4.24,6.0,98.0,-92.0,4,94.0,6.87,-88.0,-3.95,4,5.8,41.6,47.4
Kevin Gravel,D,109,62.2,90.28,2.89,4.65,-1.7600000000000002,3.0,7.0,-4.0,0,7.0,4.65,-4.0,-1.76,3,11.8,15.9,27.7
Connor Murphy,D,444,124.93,842.53,2.88,7.41,-4.53,6.0,104.0,-98.0,2,102.0,7.26,-96.0,-4.38,3,5.3,36.5,41.8
Mark Jankowski,C,208,84.2,344.18,2.85,5.4,-2.5500000000000003,4.0,31.0,-27.0,10,21.0,3.66,-17.0,-0.81,3,7.7,33.2,40.9
Mark Pysyk,D,398,110.2,687.83,2.72,6.8,-4.08,5.0,78.0,-73.0,2,76.0,6.63,-71.0,-3.91,3,5.3,35.8,41.1
Cal Clutterbuck,R,478,243.05,905.9,2.72,6.89,-4.17,11.0,104.0,-93.0,14,90.0,5.96,-79.0,-3.24,5,10.2,40.1,50.3
Dwight King,L,285,113.63,338.92,2.64,4.96,-2.32,5.0,28.0,-23.0,3,25.0,4.43,-20.0,-1.79,2,7.7,22.4,30.1
Simon Despres,D,142,68.85,162.72,2.61,3.32,-0.71,3.0,9.0,-6.0,0,9.0,3.32,-6.0,-0.71,3,9.4,19.6,29.0
Andrew Copp,C,356,97.82,552.67,2.45,6.51,-4.06,4.0,60.0,-56.0,8,52.0,5.65,-48.0,-3.2,1,5.3,30.0,35.3
Michal Rozsival,D,180,73.68,124.0,2.44,6.77,-4.33,3.0,14.0,-11.0,1,13.0,6.29,-10.0,-3.85,2,8.1,14.8,22.9
Melker Karlsson,C,396,100.75,537.78,2.38,5.8,-3.42,4.0,52.0,-48.0,3,49.0,5.47,-45.0,-3.09,1,5.0,28.9,33.9
Josh Gorges,D,289,75.78,774.68,2.38,6.74,-4.36,3.0,87.0,-84.0,2,85.0,6.58,-82.0,-4.2,1,5.1,52.7,57.8
Dennis Seidenberg,D,278,51.07,639.13,2.35,5.44,-3.0900000000000003,2.0,58.0,-56.0,0,58.0,5.44,-56.0,-3.09,1,4.0,45.1,49.1
Shawn Matthias,L,298,78.78,409.07,2.28,6.6,-4.32,3.0,45.0,-42.0,3,42.0,6.16,-39.0,-3.88,1,4.9,25.3,30.2
Carl Hagelin,L,492,55.07,1038.95,2.18,5.37,-3.19,2.0,93.0,-91.0,10,83.0,4.79,-81.0,-2.61,1,2.2,41.1,43.3
Devante Smith-Pelly,R,339,195.75,336.67,2.15,6.06,-3.9099999999999997,7.0,34.0,-27.0,2,32.0,5.7,-25.0,-3.55,4,11.1,18.4,29.5
Cody McLeod,L,380,56.52,283.75,2.12,4.86,-2.74,2.0,23.0,-21.0,2,21.0,4.44,-19.0,-2.32,1,2.8,14.1,16.9
Andrew Cogliano,C,554,59.48,912.32,2.02,5.39,-3.3699999999999997,2.0,82.0,-80.0,19,63.0,4.14,-61.0,-2.12,1,2.1,29.6,31.7
Tomas Kopecky,R,113,76.63,234.77,1.57,3.83,-2.26,2.0,15.0,-13.0,1,14.0,3.58,-12.0,-2.01,0,12.5,41.4,53.9
Daniel Cleary,R,69,79.62,87.0,0.75,4.83,-4.08,1.0,7.0,-6.0,1,6.0,4.14,-5.0,-3.39,0,20.4,19.9,40.3
